{"title":"2","icon":null,"fields":{"EndCardController":{"_endCardClickableOptions":{"id":null,"title":"Clickable Option","type":"enum","defaultValue":0,"constraints":{},"section":"Endcard Clickable Options","order":3,"localization":0,"options":{"0":"CTAButtonOnly","1":"Fullscreen","2":"FireAppStoreClickOnShow"}}},"CheerPhraseController":{"phrases":{"id":null,"title":"Cheer phrases","type":"string[]","defaultValue":["Good!","Great!","Super!"],"constraints":{},"section":"Cheer Phrase Options","order":4,"localization":0,"options":{}},"cheerPhraseColour":{"id":null,"title":"Cheer phrase colour","type":"color","defaultValue":[0.866666674613953,1,0.137254908680916,1],"constraints":{},"section":"Cheer Phrase Options","order":3,"localization":0,"options":{}}},"OutroAnimationController":{"endCardDelay":{"id":null,"title":"End Card delay","type":"single","defaultValue":2,"constraints":{},"section":"Endcard Clickable Options","order":3,"localization":0,"options":{}}},"LevelFailedHandler":{"endCardDelay":{"id":null,"title":"End Card delay","type":"single","defaultValue":1,"constraints":{},"section":"Endcard Clickable Options","order":1,"localization":0,"options":{}}},"HyperCasual.Runner.CameraManager":{"m_CameraAnglePreset":{"id":null,"title":"Camera preset","type":"enum","defaultValue":0,"constraints":{},"section":"Gameplay Settings","order":1,"localization":0,"options":{"0":"Behind","1":"Overhead","2":"Side","3":"FirstPerson","4":"Custom"}}}},"assets":{},"sections":[],"preloader":{"fields":{"System.String":{"Playable Name":{"id":"parameter\/preloader\/name","title":"Playable Name","type":"string","defaultValue":[null],"constraints":{},"section":"Preloader","order":1,"localization":0,"options":{}}},"UnityEngine.Color":{"Background Color":{"id":"parameter\/preloader\/color","title":"Background Color","type":"color","defaultValue":[0,0,0,1],"constraints":{},"section":"Preloader","order":2,"localization":0,"options":{}}}},"assets":{"":{"id":"asset\/preloader\/icon","title":"","type":"texture","section":"Preloader","order":0}},"sections":[{"title":"Preloader","order":0,"fixed":1}]},"buildId":"6db4a522-1c6f-423b-9ee9-674c2b3526ed"}